{
  "view/Products.view.xml": 1641681751833,
  "i18n/i18n.properties": 1641673778227,
  "controller/Products.controller.js": 1641681742453,
  "model/models.js": 1636542912372,
  "model/formatter.js": 1637302043355,
  "controller/SignUp.controller.js": 1638192245160,
  "controller/ResetPassword.controller.js": 1640961669812,
  "manifest.json": 1642017833596,
  "controller/Orders.controller.js": 1641683749491,
  "controller/NewProduct.controller.js": 1641386150382,
  "controller/Login.controller.js": 1640961669812,
  "controller/HomePage.controller.js": 1641386150382,
  "controller/BaseController.js": 1641386150382,
  "controller/App.controller.js": 1637841460127,
  "Component.js": 1636542912344,
  "manifest-bundle.zip": 1642017833618,
  "Component-preload.js": 1642017834473,
  "controller/Orders-dbg.controller.js": 1641683749491,
  "model/formatter-dbg.js": 1637302043355,
  "controller/SignUp-dbg.controller.js": 1638192245160,
  "controller/ResetPassword-dbg.controller.js": 1640961669812,
  "controller/Products-dbg.controller.js": 1641681742453,
  "model/models-dbg.js": 1636542912372,
  "controller/NewProduct-dbg.controller.js": 1641386150382,
  "controller/Login-dbg.controller.js": 1640961669812,
  "controller/HomePage-dbg.controller.js": 1641386150382,
  "controller/BaseController-dbg.js": 1641386150382,
  "controller/App-dbg.controller.js": 1637841460127,
  "Component-dbg.js": 1636542912344,
  "view/SignUp.view.xml": 1641677155462,
  "view/ResetPassword.view.xml": 1641677148038,
  "i18n/i18n_tr.properties": 1641673790107,
  "view/Orders.view.xml": 1641677136198,
  "view/NoObject.view.xml": 1641386150382,
  "view/NewProduct.view.xml": 1641677127730,
  "view/Login.view.xml": 1641677121790,
  "view/HomePage.view.xml": 1641677115974,
  "view/App.view.xml": 1640961669820,
  "img/Renova.png": 1636546032924,
  "img/Photograph.png": 1641386150382,
  "img/LogoNoBackground.png": 1640961669820,
  "img/HandAndLifeLogo.jpg": 1641677073799,
  "fragments/Shipment.fragment.xml": 1640961669812,
  "fragments/PasswordInfo.fragment.xml": 1640961669812,
  "fragments/OrderDetails.fragment.xml": 1640961669812,
  "fragments/Notifications.fragment.xml": 1641386150382,
  "fragments/ForgottenPassword.fragment.xml": 1640961669812,
  "fragments/ChangePassword.fragment.xml": 1640961669812,
  "fragments/AddPicture.fragment.xml": 1641386150382,
  "css/style.css": 1641386150382,
  "index.html": 1641673984052
}