{
  "view/NewProduct.view.xml": 1642428780720,
  "i18n/i18n_tr.properties": 1642511783087,
  "controller/AccountSettings.controller.js": 1642428780712,
  "model/models.js": 1636542912372,
  "model/formatter.js": 1637302043355,
  "controller/SignUp.controller.js": 1642511906828,
  "controller/ResetPassword.controller.js": 1640961669812,
  "controller/Products.controller.js": 1642428780712,
  "controller/Orders.controller.js": 1642428780712,
  "controller/Offers.controller.js": 1642428780712,
  "controller/OfferDetails.controller.js": 1642428780712,
  "controller/NewProduct.controller.js": 1642428780712,
  "controller/Login.controller.js": 1640961669812,
  "controller/HomePage.controller.js": 1642428780712,
  "controller/BaseController.js": 1642428780712,
  "controller/App.controller.js": 1637841460127,
  "manifest.json": 1642525175908,
  "Component.js": 1636542912344,
  "manifest-bundle.zip": 1642525175926,
  "Component-preload.js": 1642525176926,
  "Component-dbg.js": 1636542912344,
  "model/formatter-dbg.js": 1637302043355,
  "controller/SignUp-dbg.controller.js": 1642511906828,
  "controller/ResetPassword-dbg.controller.js": 1640961669812,
  "controller/Products-dbg.controller.js": 1642428780712,
  "controller/Orders-dbg.controller.js": 1642428780712,
  "controller/Offers-dbg.controller.js": 1642428780712,
  "controller/OfferDetails-dbg.controller.js": 1642428780712,
  "controller/NewProduct-dbg.controller.js": 1642428780712,
  "controller/Login-dbg.controller.js": 1640961669812,
  "controller/HomePage-dbg.controller.js": 1642428780712,
  "controller/BaseController-dbg.js": 1642428780712,
  "controller/App-dbg.controller.js": 1637841460127,
  "controller/AccountSettings-dbg.controller.js": 1642428780712,
  "model/models-dbg.js": 1636542912372,
  "view/SignUp.view.xml": 1642511826047,
  "view/ResetPassword.view.xml": 1642428780720,
  "view/Products.view.xml": 1642428780720,
  "view/Orders.view.xml": 1642428780720,
  "view/Offers.view.xml": 1642428780720,
  "view/OfferDetails.view.xml": 1642428780720,
  "view/NoObject.view.xml": 1641386150382,
  "i18n/i18n.properties": 1642511770051,
  "view/Login.view.xml": 1642428780720,
  "view/HomePage.view.xml": 1642428780720,
  "view/App.view.xml": 1640961669820,
  "view/AccountSettings.view.xml": 1642428780720,
  "img/Renova.png": 1636546032924,
  "img/Photograph.png": 1641386150382,
  "img/LogoNoBackground.png": 1640961669820,
  "img/HomepageThirdPicture.jpg": 1642428780720,
  "img/HomepageSecondPicture.jpg": 1642428780716,
  "img/HomepageFourthPicture.jpg": 1642428780716,
  "img/HomepageFirstPicture.jpg": 1642428780716,
  "img/HandAndLifeLogo.jpg": 1642337552491,
  "fragments/Shipment.fragment.xml": 1640961669812,
  "fragments/PasswordInfo.fragment.xml": 1640961669812,
  "fragments/OrderDetails.fragment.xml": 1640961669812,
  "fragments/Notifications.fragment.xml": 1641386150382,
  "fragments/GiveOffer.fragment.xml": 1642337552491,
  "fragments/ForgottenPassword.fragment.xml": 1640961669812,
  "fragments/ChangePassword.fragment.xml": 1640961669812,
  "fragments/AddPicture.fragment.xml": 1641386150382,
  "css/style.css": 1642428780716,
  "index.html": 1642337552491
}