 <core:FragmentDefinition xmlns:l="sap.ui.layout" xmlns:f="sap.ui.layout.form" xmlns:core="sap.ui.core" xmlns="sap.m"
	xmlns:mvc="sap.ui.core.mvc" xmlns:upload="sap.m.upload">
    <Dialog id="diaAddPicture" title="{i18n>NewPicture}">
	<upload:UploadSet id="usProductAttachments" instantUpload="false" uploadEnabled="true" uploadCompleted="onFileUploadCompleted"
    mediaTypes="image/jpeg,image/png"></upload:UploadSet>
    <beginButton>
		<Button text="{i18n>AddPicture}" press="onAddPicture"/>
	</beginButton>
	<endButton>
		<Button text="{i18n>Cancel}" press="onCancelPicture"/>
	</endButton>
    </Dialog>
</core:FragmentDefinition>
