<core:FragmentDefinition xmlns="sap.m" xmlns:core="sap.ui.core" xmlns:f="sap.ui.layout.form">
	<Dialog id="diaChangePassword" title="{i18n>ChangePassword}">
		<f:SimpleForm id="sfChangePassword" editable="false" layout="ResponsiveGridLayout" labelSpanXL="3" labelSpanL="3" labelSpanM="3"
			labelSpanS="12" adjustLabelSpan="false" emptySpanXL="4" emptySpanL="4" emptySpanM="4" emptySpanS="0" columnsXL="1" columnsL="1" columnsM="1"
			singleContainerFullSize="false">
			<f:content>
				<Label text="{i18n>CurrentPassword}"/>
				<Input value="{ChangePassword>/CurrentPassword}" type="Password"/>
				<Label text="{i18n>NewPassword}"/>
				<Input value="{ChangePassword>/NewPassword}" type="Password"/>
				<Label text="{i18n>RetypePassword}"/>
				<Input value="{ChangePassword>/ReNewPassword}" type="Password"/>
			</f:content>
		</f:SimpleForm>
		<beginButton>
			<Button text="{i18n>Complete}" press="onChangePasswordComplete"/>
		</beginButton>
		<endButton>
			<Button text="{i18n>Cancel}" press="onCancelChangePassword"/>
		</endButton>
	</Dialog>
</core:FragmentDefinition>