<core:FragmentDefinition xmlns="sap.m" xmlns:core="sap.ui.core" xmlns:f="sap.ui.layout.form">
	<Dialog id="diaForgottenPasword" title="{i18n>ForgottenPassword}">
		<f:SimpleForm id="sfForgottenPasword" editable="false" layout="ResponsiveGridLayout" labelSpanXL="3" labelSpanL="3" labelSpanM="3"
			labelSpanS="12" adjustLabelSpan="false" emptySpanXL="4" emptySpanL="4" emptySpanM="4" emptySpanS="0" columnsXL="1" columnsL="1" columnsM="1"
			singleContainerFullSize="false">
			<f:content>
				<Label text="{i18n>Email}"/>
				<Input id="inpForgotEmail" value="{ForgottenPassword>/Email}"/>
			</f:content>
		</f:SimpleForm>
		<beginButton>
			<Button text="{i18n>Complete}" press="onCompleteForgottenPassword"/>
		</beginButton>
		<endButton>
			<Button text="{i18n>Cancel}" press="onCancelForgottenPassword"/>
		</endButton>
	</Dialog>
</core:FragmentDefinition>