<core:FragmentDefinition xmlns="sap.m" xmlns:core="sap.ui.core" xmlns:f="sap.ui.layout.form">
	<Dialog id="diaShipment" title="{i18n>ShipmentInfo}">
		<VBox>
			<Text text="{i18n>ShipmentWarning}" wrapping="true"
				class="sapUiSmallMarginTop sapUiSmallMarginBottom sapUiSmallMarginBegin sapUiSmallMarginEnd"/>
			<Label design="Bold" text="{OrderInformation>/OrderNo}" id="txtShipmentOrderNo" wrapping="true"
				class="sapUiSmallMarginBegin sapUiSmallMarginEnd"/>
			<Label design="Bold" text="{OrderInformation>/ProductName}" id="txtShipmentProductName" wrapping="true"
				class="sapUiSmallMarginBegin sapUiSmallMarginEnd"/>
			<Label design="Bold" text="{OrderInformation>/ProductID}" id="txtShipmentProductID" wrapping="true"
				class="sapUiSmallMarginBegin sapUiSmallMarginEnd"/>
		</VBox>
		<f:SimpleForm id="sfShipment" editable="false" layout="ResponsiveGridLayout" labelSpanXL="3" labelSpanL="3" labelSpanM="3" labelSpanS="12"
			adjustLabelSpan="false" emptySpanXL="4" emptySpanL="4" emptySpanM="4" emptySpanS="0" columnsXL="1" columnsL="1" columnsM="1"
			singleContainerFullSize="false">
			<f:content>
				<Label text="{i18n>ShipmentNo}"/>
				<Input id="inpShipmentNo" value="{CargoInformation>/ShipmentNo}"/>
				<Label text="{i18n>CargoBranch}"/>
				<Input id="inpCargoBranch" value="{CargoInformation>/CargoBranch}"/>
			</f:content>
		</f:SimpleForm>
		<beginButton>
			<Button text="{i18n>Complete}" press="onCompleteShipment"/>
		</beginButton>
		<endButton>
			<Button text="{i18n>Cancel}" press="onCancelShipment"/>
		</endButton>
	</Dialog>
</core:FragmentDefinition>